COUNTRY,FUA,Latitude,Longitude
Australia,Greater Sydney,-33.7324864,151.1021013
Australia,Greater Melbourne,-37.8142454,144.9631732
Australia,Greater Brisbane,-27.365991,152.948963
Australia,Greater Perth,-31.95224,115.8614
Australia,Greater Adelaide,-27.4647567,153.028957
Australia,Gold Coast,-28.0023731,153.4145987
Australia,Canberra,-35.2975906,149.1012676
Australia,Newcastle,-32.9192953,151.7795348
Australia,Wollongong,-34.4278083,150.893054
Australia,Sunshine Coast,-26.6544338,153.0933668
Australia,Greater Hobart,-42.8825088,147.3281233
Australia,Townsville,-19.2569391,146.8239537
Australia,Geelong,-38.1493248,144.3598241
Australia,Cairns,-16.9206657,145.7721854
Australia,Greater Darwin,-12.46113,130.84185
Australia,Toowoomba,-27.5610193,151.953351
Australia,Ballarat,-37.5623013,143.8605645
Australia,Bendigo,-36.7590183,144.2826718
Austria,Wien,48.2083537,16.3725042
Austria,Graz,47.0708678,15.4382786
Austria,Linz,48.3059078,14.286198
Austria,Salzburg,47.7981346,13.0464806
Austria,Innsbruck,47.2654296,11.3927685
Austria,Klagenfurt,46.623943,14.3075976
Belgium,Bruxelles/Brussel/Leuven,50.87959,4.70093
Belgium,Antwerpen,51.2211097,4.3997081
Belgium,Gent,51.0538286,3.7250121
Belgium,Charleroi,50.4116233,4.444528
Belgium,Liège,50.6450944,5.5736112
Belgium,Brugge,51.2085526,3.226772
Belgium,Namur,50.4665284,4.8661892
Belgium,Mons,50.4549568,3.951958
Belgium,Kortrijk,50.8276429,3.2659884
Belgium,Oostende,51.2258565,2.919496
Belgium,Mechelen,51.0281381,4.4803453
Belgium,Mouscron,50.7436672,3.2142729
Belgium,La Louvière,50.4793576,4.18563
Belgium,Verviers,50.59324,5.867828
Bulgaria,Sofia,42.6977028,23.3217359
Bulgaria,Plovdiv,42.1418541,24.7499297
Bulgaria,Varna,43.2052135,27.8602025
Bulgaria,Burgas,42.4936616,27.4721276
Bulgaria,Pleven,43.4809895,24.6060665
Bulgaria,Ruse,43.8350657,25.9579915
Bulgaria,Vidin,43.8012835,22.679547
Bulgaria,Stara Zagora,42.4248111,25.6257479
Bulgaria,Sliven,42.64169,26.2634283
Bulgaria,Dobrich,43.6637774,27.9002123
Bulgaria,Shumen,43.3088188,27.0197261
Bulgaria,Yambol,42.311889,26.5636852
Bulgaria,Haskovo,41.763101,25.9256255
Bulgaria,Pazardzhik,42.1486841,24.1531871
Bulgaria,Blagoevgrad,41.750287,23.4873411
Bulgaria,Veliko Tarnovo,43.2152049,25.6122126
Bulgaria,Vratsa,43.400307,23.716675
Canada,Toronto,43.6534817,-79.3839347
Canada,Montreal,45.5031824,-73.5698065
Canada,Vancouver,49.2608724,-123.113952
Canada,Ottawa,45.4208777,-75.6901106
Canada,Calgary,51.0456064,-114.057541
Canada,Edmonton,53.5462055,-113.491241
Canada,Quebec,52.4760892,-71.8258668
Canada,Winnipeg,49.8955367,-97.1384584
Canada,Hamilton,43.2560802,-79.8728583
Canada,London,42.9832406,-81.243372
Canada,Kitchener,43.451291,-80.4927815
Canada,Halifax,44.648618,-63.5859487
Canada,Victoria,48.4283182,-123.364953
Canada,Windsor,42.3167397,-83.0373389
Canada,Saskatoon,52.131802,-106.660767
Canada,Sherbrooke,45.403271,-71.889038
Canada,St Catharines,43.1579812,-79.2441003
Canada,Trois Rivieres,46.3432325,-72.5428485
Canada,St Johns,43.0754766,-80.0800058
Canada,Regina,50.4479733,-104.6158764
Canada,Abbotsford,49.0521162,-122.329479
Canada,Guelph,43.5460516,-80.2493276
Canada,Red Deer,52.2690628,-113.8141464
Canada,Brantford,43.1408157,-80.2631733
Canada,Peterborough,44.3048009,-78.3199496
Canada,Niagara Falls,43.1065603,-79.0639039
Chile,Arica,-18.4785288,-70.3211394
Chile,Iquique,-20.2140657,-70.1524646
Chile,Calama,-22.4623917,-68.9272181
Chile,Antofagasta,-23.6463741,-70.3980033
Chile,Copiapo,-27.3664685,-70.3322753
Chile,Coquimbo-La Serena,-29.7444477,-71.2578953
Chile,Ovalle,-30.6030819,-71.2029894
Chile,Calera,-20.3633961,-69.3934782
Chile,Quillota,-32.879997,-71.2473555
Chile,Valparaiso,-32.5976089,-70.8529753
Chile,Santiago,-33.4377756,-70.6504502
Chile,San Antonio,-33.5808615,-71.6132377
Chile,Melipilla,-33.6855134,-71.2145796
Chile,Rancagua,-34.170249,-70.7407427
Chile,San Fernando,-34.583791,-70.989122
Chile,Curico,-34.985368,-71.2393705
Chile,Talca,-35.4265343,-71.6660322
Chile,Linares,-35.8452905,-71.5977173
Chile,Chillan,-36.6066616,-72.1033194
Chile,Concepcion,-36.8270698,-73.0502064
Chile,Los Angeles,-37.4707455,-72.351686
Chile,Temuco,-38.7358908,-72.590538
Chile,Valdivia,-39.8141262,-73.2459859
Chile,Osorno,-40.5736955,-73.1358091
Chile,Puerto Montt,-41.471798,-72.9395915
Chile,Punta Arenas,-53.1625688,-70.907822
Colombia,Bogota D.C.,4.6533816,-74.0836333
Colombia,Medellin,6.2443382,-75.573553
Colombia,Cali,3.4519988,-76.5325259
Colombia,Barranquilla,11.0101922,-74.8231794
Colombia,Cartagena,10.4265566,-75.5441671
Colombia,Bucaramanga,7.1669842,-73.1047294
Colombia,Cucuta,8.0776187,-72.4689002
Colombia,Pereira,4.7854606,-75.788322
Colombia,Ibague,4.4386033,-75.2108857
Colombia,Manizales,5.0668907,-75.5066661
Colombia,Santa Marta,11.2320944,-74.1950916
Colombia,Pasto,1.2140275,-77.2785096
Colombia,Armenia,4.4919761,-75.7413509
Colombia,Villavicencio,4.1347644,-73.6201517
Colombia,Monteria,8.7509361,-75.8786806
Colombia,Valledupar,10.3431115,-73.3757934
Colombia,Buenaventura,3.8881929,-77.0738324
Colombia,Neiva,2.9257038,-75.2893937
Colombia,Palmira,3.5308373,-76.2988048
Colombia,Popayan,2.4422295,-76.6072368
Colombia,Sincelejo,9.2973386,-75.3926601
Colombia,Barrancabermeja,7.0673313,-73.8525627
Colombia,Tulua,4.0856667,-76.1972779
Colombia,Tunja,5.5324313,-73.3616014
Colombia,Riohacha,11.5352153,-72.9119566
Colombia,San Andres de Tumaco,1.79861,-78.81556
Colombia,Florence,4.6459362,-74.0619561
Colombia,Apartado,7.8849011,-76.6227461
Colombia,Girardot,4.306643,-74.8015665
Colombia,Cartago,4.7465494,-75.9121234
Colombia,Maicao,11.3779233,-72.2388947
Colombia,Magangue,9.2412097,-74.7567413
Colombia,Sogamoso,5.7148307,-72.9279328
Colombia,Guadalajara de Buga,3.9000578,-76.302013
Colombia,Ipiales,0.8236934,-77.6349296
Colombia,Quibdo,5.6923407,-76.6583801
Colombia,Fusagasuga,4.339237,-74.3637532
Colombia,Facatativa,4.8097329,-74.3541284
Colombia,Duitama,5.8973422,-73.0691371
Colombia,Yopal,5.3356662,-72.3936931
Colombia,Cienaga,11.0062433,-74.241022
Colombia,Zipaquira,5.0234748,-74.0039818
Colombia,Rionegro,6.1536166,-75.3741691
Colombia,Ocana,8.2351887,-73.3538441
Colombia,La Dorada,5.4457655,-74.6618458
Colombia,Caucasia,7.9877579,-75.1983745
Colombia,Sabanalarga,6.848687,-75.8166534
Colombia,Aguachica,8.309416,-73.603699
Colombia,Espinal,4.1503044,-74.8845895
Colombia,Arauca,6.7940425,-70.4954953
Colombia,Santa Rosa de Cabal,4.8650708,-75.6211554
Colombia,El Carmen de Bolivar,9.7178841,-75.1241376
Colombia,Fundacion,10.5155669,-74.1901088
Croatia,Zagreb,45.8130967,15.9772795
Croatia,Rijeka,45.3267976,14.442208
Croatia,Slavonski Brod,45.1665803,18.0121385
Croatia,Osijek,45.5548793,18.6953685
Croatia,Split,43.5116383,16.4399659
Croatia,Pula/Pola,44.8702281,13.8455311
Croatia,Zadar,44.1168594,15.2353257
Cyprus,Lefkosia,35.1746503,33.3638783
Cyprus,Larnaka,34.9236095,33.6236184
Cyprus,Lemesos,34.6852901,33.0332657
Czech Republic,Praha,50.0596288,14.4464593
Czech Republic,Brno,49.1922443,16.6113382
Czech Republic,Ostrava,49.8349139,18.2820084
Czech Republic,Plzeň,49.7477415,13.3775249
Czech Republic,Ustí nad Labem,50.6603327,14.0381357
Czech Republic,Olomouc,49.5940567,17.251143
Czech Republic,Liberec,50.7702648,15.0583947
Czech Republic,České Budějovice,48.9747357,14.474285
Czech Republic,Hradec Králové,50.2092113,15.8327512
Czech Republic,Pardubice,50.0385812,15.7791356
Czech Republic,Zlín,49.226766,17.6667415
Czech Republic,Karlovy Vary,50.2306216,12.8701437
Czech Republic,Jihlava,49.396064,15.5903065
Czech Republic,Most,50.5032737,13.636112
Czech Republic,Chomutov-Jirkov,50.4839301,13.4380793
Denmark,København,55.6867243,12.5700724
Denmark,Århus,56.1496278,10.2134046
Denmark,Odense,55.3997225,10.3852104
Denmark,Aalborg,57.0462626,9.9215263
Estonia,Tallinn,59.4372155,24.7453688
Estonia,Tartu,58.3801207,26.72245
Estonia,Narva,59.3766729,28.1921457
Finland,Helsinki/Helsingfors,60.1725502,24.9329194
Finland,Tampere/Tammerfors,61.498726,23.7738291
Finland,Turku/Åbo,60.4760144,22.2027408
Finland,Oulu/Uleåborg,65.0113317,25.4843355
Finland,Lahti/Lahtis,60.9764425,25.6574954
Finland,Kuopio,62.8924601,27.6781839
Finland,Jyväskylä,62.2417066,25.7495727
France,Paris,48.8534951,2.3483915
France,Lyon,45.7578137,4.8320114
France,Lille,50.6365654,3.0635282
France,Marseille,43.2961743,5.3699525
France,Bordeaux,44.841225,-0.5800364
France,Toulouse,43.6044622,1.4442469
France,Nantes,47.2186371,-1.5541362
France,Nice,43.7009358,7.2683912
France,Strasbourg,48.584614,7.7507127
France,Rouen,49.4404591,1.0939658
France,Montpellier,43.6112422,3.8767337
France,Grenoble,45.1875602,5.7357819
France,Tours,47.3900474,0.6889268
France,Cannes-Antibes,43.5749678,7.0981704
France,Toulon,43.1257311,5.9304919
France,Rennes,48.1113387,-1.6800198
France,Reims,49.2577886,4.031926
France,Orléans,47.9027336,1.9086066
France,Nancy,48.6937223,6.1834097
France,Dijon,47.3215806,5.0414701
France,Clermont-Ferrand,45.7774551,3.0819427
France,Le Havre,49.4938975,0.1079732
France,Saint-Étienne,45.4401467,4.3873058
France,Angers,47.4739884,-0.5515588
France,Mulhouse,47.7467233,7.3389937
France,Lens,50.4291723,2.8319805
France,Metz,49.1196964,6.1763552
France,Nîmes,43.8374249,4.3600687
France,Le Mans,48.0073849,0.1967849
France,Saint-Denis,48.935773,2.3580232
France,Caen,49.1813403,-0.3635615
France,Limoges,45.8354243,1.2644847
France,Brest,48.3905283,-4.4860088
France,Amiens,49.8941708,2.2956951
France,Dunkerque,51.0347708,2.3772525
France,Perpignan,42.6985304,2.8953121
France,Annecy,45.8992348,6.1288847
France,Besançon,47.2380222,6.0243622
France,Bayonne,43.4945144,-1.4736657
France,Pau,43.3221107,-0.3393329
France,Avignon,43.9492493,4.8059012
France,Troyes,48.2971626,4.0746257
France,Valenciennes,50.3579317,3.5234846
France,Fort-de-France,14.6027962,-61.0676724
France,Poitiers,46.5802596,0.340196
France,Valence,44.9332277,4.8920811
France,Fréjus,43.4330308,6.7360182
France,Chambéry,45.5662672,5.9203636
France,Douai,50.3675677,3.0804641
France,La Rochelle,46.159732,-1.1515951
France,Lorient,47.7477336,-3.3660907
France,Cherbourg-en-Cotentin,49.6425343,-1.6249565
France,Béziers,43.3426562,3.2131307
France,Chartres,48.4438601,1.4881434
France,Boulogne-sur-mer,50.7259985,1.6118771
France,Calais,50.9524769,1.8538446
France,Mamoudzou,-12.7804136,45.2279761
France,Montbéliard,47.5102368,6.7977564
France,Arras,50.291048,2.7772211
France,Colmar,48.0777517,7.3579641
France,Bourges,47.0811658,2.399125
France,Saint-Brieuc,48.5141134,-2.7603283
France,Quimper,47.9960325,-4.1024782
France,Belfort,47.6379599,6.8628942
France,Cayenne,4.9371544,-52.3258736
France,Hayange,49.3304353,6.0636733
France,Saint-Louis,48.7160783,7.1884164
France,Vannes,47.6586772,-2.7599079
France,Annemasse-Geneva (French part),46,2
France,Saint-Louis-Bâle (French part),48.574932,-1.108706
Germany,Berlin,52.510885,13.3989367
Germany,Hamburg,53.550341,10.000654
Germany,München,48.1371079,11.5753822
Germany,Köln,50.938361,6.959974
Germany,Frankfurt am Main,50.1106444,8.6820917
Germany,Ruhrgebiet,51.5175179,7.1439182
Germany,Stuttgart,48.7784485,9.1800132
Germany,Leipzig,51.3406321,12.3747329
Germany,Dresden,51.0493286,13.7381437
Germany,Düsseldorf,51.2254018,6.7763137
Germany,Bremen,53.0758196,8.8071646
Germany,Hannover,52.3744779,9.7385532
Germany,Nürnberg,49.453872,11.077298
Germany,Bielefeld,52.0191005,8.531007
Germany,Halle an der Saale,51.4887463,12.0782623
Germany,Magdeburg,52.1315889,11.6399609
Germany,Wiesbaden,50.0820384,8.2416556
Germany,Göttingen,51.5328328,9.9351811
Germany,Darmstadt,49.872775,8.651177
Germany,Trier,49.7596208,6.6441878
Germany,Freiburg im Breisgau,47.9960901,7.8494005
Germany,Regensburg,49.0195333,12.0974869
Germany,Frankfurt (Oder),52.3412273,14.549452
Germany,Weimar,50.9769169,11.3279075
Germany,Schwerin,53.6288297,11.4148038
Germany,Erfurt,50.9777974,11.0287364
Germany,Augsburg,48.3690341,10.8979522
Germany,Bonn,50.735851,7.10066
Germany,Karlsruhe,49.0068705,8.4034195
Germany,Mönchengladbach,51.1947131,6.4353792
Germany,Mainz,50.0012314,8.2762513
Germany,Kiel,54.3227085,10.135555
Germany,Saarbrücken,49.234362,6.996379
Germany,Koblenz,50.3533278,7.5943951
Germany,Rostock,54.0886707,12.1400211
Germany,Kaiserslautern,49.4432174,7.7689951
Germany,Iserlohn,51.3746778,7.6999713
Germany,Wilhelmshaven,53.5278793,8.106301
Germany,Tübingen,48.5203263,9.053596
Germany,Villingen-Schwenningen,48.0632359,8.4945022
Germany,Flensburg,54.7833021,9.4333264
Germany,Marburg,50.8090106,8.7704695
Germany,Konstanz,47.659216,9.1750718
Germany,Neumünster,54.0757442,9.9815377
Germany,Brandenburg an der Havel,52.4108261,12.5497933
Germany,Gießen,50.5808795,8.6938161
Germany,Bayreuth,49.9427202,11.5763079
Germany,Celle,52.624056,10.081052
Germany,Aschaffenburg,49.9740542,9.1493636
Germany,Bamberg,49.8916044,10.8868478
Germany,Plauen,50.4950632,12.1346523
Germany,Neubrandenburg,53.5574458,13.2602781
Germany,Fulda,50.5542328,9.6770448
Germany,Kempten (Allgäu),47.7267063,10.3168835
Germany,Landshut,48.536217,12.1516551
Germany,Rosenheim,47.8539273,12.127262
Germany,Stralsund,54.3096314,13.0820846
Germany,Friedrichshafen,47.6500279,9.4800858
Germany,Offenburg,48.4716556,7.944378
Germany,Görlitz,51.1563185,14.991018
Germany,Schweinfurt,50.0518552,10.2220921
Germany,Greifswald,54.095791,13.3815238
Germany,Wetzlar,50.5525346,8.5074406
Germany,Speyer,49.3165553,8.433615
Germany,Passau,48.5748229,13.4609744
Germany,Dessau-Roßlau,51.8465924,12.2312238
Germany,Mannheim-Ludwigshafen,49.4419271,8.4601173
Germany,Münster,51.9625101,7.6251879
Germany,Chemnitz,50.8323531,12.918914
Germany,Braunschweig-Salzgitter,52.2591874,10.5339191
Germany,Aachen,50.776351,6.083862
Germany,Krefeld,51.3331205,6.5623343
Germany,Lübeck,53.866444,10.684738
Germany,Kassel,51.3154546,9.4924096
Germany,Solingen,51.1721629,7.0845893
Germany,Osnabrück,52.2719595,8.047635
Germany,Oldenburg (Oldenburg),53.1389753,8.2146017
Germany,Heidelberg,49.4093582,8.694724
Germany,Paderborn,51.7189596,8.7648698
Germany,Würzburg,49.7933723,9.9309779
Germany,Wolfsburg,52.4205588,10.7861682
Germany,Bremerhaven,53.5505392,8.5851945
Germany,Heilbronn,49.142291,9.218655
Germany,Remscheid,51.1798706,7.1943544
Germany,Ulm,48.3984968,9.9912458
Germany,Pforzheim,48.8908846,8.7029532
Germany,Ingolstadt,48.7630165,11.4250395
Germany,Gera,50.8765537,12.0832666
Germany,Reutlingen,48.4919508,9.2114144
Germany,Cottbus,51.7567447,14.3357307
Germany,Siegen,50.8751175,8.0256131
Germany,Hildesheim,52.1521636,9.9513046
Germany,Zwickau,50.7185043,12.4939267
Germany,Erlangen,49.5928616,11.0056
Germany,Wuppertal,51.264018,7.1780374
Germany,Jena,50.9281717,11.5879359
Germany,"Düren, Stadt",53.8611271,10.6885125
Germany,"Bocholt, Stadt",52.69813,8.76795
Greece,Athina,37.9755648,23.7348324
Greece,Thessaloniki,40.6403167,22.9352716
Greece,Pátra,38.246242,21.7350847
Greece,Irakleio,38.0462663,23.766037
Greece,Larisa,39.6383092,22.4160706
Greece,Volos,39.3624833,22.9401864
Greece,Ioannina,39.6639818,20.8522784
Greece,Kavala,40.9369224,24.4122766
Greece,Kalamata,37.0372714,22.110707
Greece,Trikala,39.5560869,21.7678844
Greece,Serres,41.0910711,23.5498031
Greece,Katerini,40.2713616,22.5087618
Greece,Xanthi,41.13805,24.8864089
Greece,Chania,35.5120831,24.0191544
Hungary,Budapest,47.4813896,19.1460941
Hungary,Miskolc,48.1030643,20.7900429
Hungary,Nyíregyháza,47.9557802,21.7167982
Hungary,Pécs,46.0765092,18.2280317
Hungary,Debrecen,47.531399,21.6259782
Hungary,Szeged,46.2546312,20.1486016
Hungary,Győr,47.687609,17.6346815
Hungary,Kecskemét,46.9073883,19.6917206
Hungary,Székesfehérvár,47.1910169,18.410811
Hungary,Szombathely,47.2291184,16.6187625
Hungary,Szolnok,47.1753833,20.1946279
Hungary,Tatabánya,47.583845,18.3979855
Hungary,Veszprém,47.0933824,17.9080406
Hungary,Békéscsaba,46.6798003,21.0985425
Hungary,Kaposvár,46.3564692,17.7886886
Hungary,Eger,47.8989887,20.3743665
Hungary,Dunaújváros,46.9669545,18.9393976
Hungary,Zalaegerszeg,46.8415803,16.8456316
Hungary,Sopron,47.6803063,16.5983457
Iceland,Reykjavík,64.145981,-21.9422367
Ireland,Dublin,53.3493795,-6.2605593
Ireland,Cork,51.897077,-8.4654674
Ireland,Limerick,52.661252,-8.6301239
Ireland,Galway,53.2744122,-9.0490601
Ireland,Waterford,52.2609997,-7.1119081
Italy,Roma,41.8933203,12.4829321
Italy,Milano,45.4641943,9.1896346
Italy,Napoli,40.8358846,14.2487679
Italy,Torino,45.0677551,7.6824892
Italy,Palermo,38.1112268,13.3524434
Italy,Genova,44.40726,8.9338624
Italy,Firenze,43.7697955,11.2556404
Italy,Bari,41.1257843,16.8620293
Italy,Bologna,44.4938203,11.3426327
Italy,Catania,37.5023612,15.0873718
Italy,Venezia,45.4371908,12.3345898
Italy,Verona,45.4424977,10.9857377
Italy,Cremona,45.2208641,10.037038
Italy,Trento,46.1029536,11.1297425
Italy,Trieste,45.6496485,13.7772781
Italy,Perugia,43.1070321,12.4029962
Italy,Ancona,43.4801189,13.2187279
Italy,Pescara,42.3102619,13.9575901
Italy,Campobasso,41.7172648,14.8262267
Italy,Caserta,41.2035192,14.1168624
Italy,Taranto,40.5488156,17.0805801
Italy,Potenza,40.5173119,15.8216088
Italy,Catanzaro,38.8299603,16.4315569
Italy,Reggio di Calabria,38.1035389,15.6397556
Italy,Sassari,40.7778499,8.9219725
Italy,Cagliari,39.2171994,9.113311
Italy,Padova,45.391408,11.8058487
Italy,Brescia,45.7795804,10.425873
Italy,Modena,44.5384728,10.9359609
Italy,Foggia,41.5028105,15.4528939
Italy,Salerno,40.4194416,15.3106085
Italy,Piacenza,44.8476352,9.6665313
Italy,Bolzano,46.4984781,11.3547399
Italy,Udine,46.0634632,13.2358377
Italy,La Spezia,44.238366,9.6912326
Italy,Lecce,40.1522173,18.2260628
Italy,Barletta,41.3214976,16.2868696
Italy,Pesaro,43.9098114,12.9131228
Italy,Como,45.9394759,9.1494101
Italy,Pisa,43.4714722,10.6797912
Italy,Treviso,45.8066913,12.2063158
Italy,Varese,45.8397203,8.7541338
Italy,Asti,44.8260126,8.2026863
Italy,Pavia,45.0368546,9.1378251
Italy,Massa,44.0359323,10.1395519
Italy,Cosenza,39.5966853,16.3330556
Italy,Savona,44.2334238,8.2525727
Italy,Matera,40.4476419,16.4735738
Italy,Acireale,37.6127773,15.1658804
Italy,Avellino,40.9965446,15.140569
Italy,Pordenone,45.9562503,12.6597197
Italy,Lecco,45.9005485,9.4120248
Italy,Altamura,40.8285595,16.5527314
Italy,Battipaglia,40.6092539,14.9821443
Italy,Bisceglie,41.2402745,16.5010109
Italy,Carpi,44.7835699,10.8854523
Italy,Cerignola,41.2648121,15.8996651
Italy,Gela,37.0664363,14.2502445
Italy,Sassuolo,44.5409769,10.7829023
Italy,Messina,38.1937571,15.5542082
Italy,Prato,43.9357181,11.0941473
Italy,Parma,44.6952006,10.0979869
Italy,Livorno,42.7902379,10.3402239
Italy,Reggio nell'Emilia,44.6086674,10.5940667
Italy,Ravenna,44.3640607,12.0590095
Italy,Ferrara,44.7667642,11.827939
Italy,Rimini,43.9465433,12.630749
Italy,Siracusa,37.0646139,15.2907196
Italy,Bergamo,45.7566557,9.7542192
Italy,Forlì,44.2227278,12.041273
Italy,Latina,41.4595261,13.0125912
Italy,Vicenza,45.6348591,11.4063543
Italy,Terni,42.6539486,12.4396528
Italy,Novara,45.58425,8.545997
Italy,Alessandria,44.8349533,8.7450304
Italy,Arezzo,43.5171442,11.7639282
Italy,Grosseto,42.7751102,11.2878044
Italy,Brindisi,40.6359197,17.6884434
Italy,Trapani,38.0173961,12.5160225
Italy,Ragusa,36.9256833,14.7307456
Italy,Andria,41.2275731,16.2954806
Italy,Trani,41.275088,16.4162585
Italy,L'Aquila,42.1368853,13.610341
Japan,Tokyo,35.6768601,139.7638947
Japan,Osaka,34.6937569,135.5014539
Japan,Nagoya,35.1851045,136.8998438
Japan,Fukuoka,33.6251241,130.6180016
Japan,Sapporo,43.061936,141.3542924
Japan,Sendai,38.2677554,140.8691498
Japan,Okayama,34.8581334,133.7759256
Japan,Hiroshima,34.3917241,132.4517589
Japan,Kitakyushu,33.8829996,130.8749015
Japan,Naha,26.2122345,127.6791452
Japan,Kumamoto,32.6450475,130.6341345
Japan,Yokkaichi,34.9648428,136.624845
Japan,Takasaki,36.3220984,139.0032758
Japan,Hamamatsu,34.7109786,137.7259431
Japan,Niigata,37.6452283,138.7669125
Japan,Utsunomiya,36.5549677,139.8828776
Japan,Kanazawa,36.561627,136.6568822
Japan,Oita,33.2393864,131.6096524
Japan,Kagoshima,31.521587,130.5474077
Japan,Himeji,34.8153529,134.6854793
Japan,Mito,36.3659174,140.4731743
Japan,Shizuoka,34.9332488,138.0955398
Japan,Toyohashi,34.769123,137.391461
Japan,Nagasaki,33.1154683,129.7874339
Japan,Matsuyama,33.8395188,132.7653521
Japan,Toyama,36.6468015,137.2183531
Japan,Kofu,35.6652481,138.5710441
Japan,Takamatsu,34.3425592,134.0465338
Japan,Nagano,36.1143945,138.0319015
Japan,Tokushima,33.9196418,134.2509634
Japan,Numazu,35.094699,138.866742
Japan,Fukui,35.9263502,136.6068127
Japan,Wakayama,33.8070292,135.5930743
Japan,Koriyama,37.404937,140.333381
Japan,Kochi,33.5680384,133.5394221
Japan,Miyazaki,32.097681,131.294542
Japan,Morioka,39.7021331,141.1545397
Japan,Fujieda,34.8674167,138.2577222
Japan,Fukushima,37.760777,140.4745807
Japan,Matsumoto,36.2382047,137.9687141
Japan,Yamagata,38.4746705,140.083237
Japan,Kurume,33.3196545,130.5080625
Japan,Akita,39.6898802,140.342608
Japan,Asahikawa,43.770625,142.3649743
Japan,Kusatsu,35.0179088,135.96046
Japan,Fuji,35.362799,138.730781
Japan,Isesaki,36.3111734,139.1968083
Japan,Hakodate,41.768793,140.729008
Japan,Hachinohe,40.5122388,141.4882959
Japan,Hitachi,36.5991225,140.6504604
Japan,Aomori,40.886943,140.590121
Japan,Shimonoseki,33.9577116,130.9415455
Japan,Obihiro,42.923809,143.1966324
Japan,Shunan,34.0550595,131.8064092
Japan,Ube,33.9518498,131.2472243
Japan,Yonago,35.4276408,133.331459
Japan,Ashikaga,36.3401914,139.4497731
Japan,Omuta,33.047013,130.464155
Japan,Marugame,34.2888128,133.7982421
Japan,Kushiro,42.9849503,144.3820491
Japan,Tomakomai,42.6340602,141.6055453
Korea,Seoul,37.5666791,126.9782914
Korea,Gimhae,35.2310947,128.8908228
Korea,Dalseong,35.7753,128.4312
Korea,Gwangsan,35.1396428,126.7938232
Korea,Seo,37.545,126.676
Korea,Seongsan,33.41805,126.88147
Korea,Ulsan,35.5391697,129.3119136
Korea,Heungdeok,36.6289831,127.375766
Korea,Deokjin,35.8294,127.1342
Korea,Sebuk,36.5,127.75
Korea,Gyeongsan,35.825122,128.741329
Korea,Pohan,36.051385,129.3786651
Korea,Gumi,36.1195513,128.3444692
Korea,Jeju,33.4887737,126.4987083
Korea,Jinju,35.1803459,128.1079953
Korea,Wonju,37.3420996,127.9197603
Korea,Iksan,35.9479291,126.9578025
Korea,Chuncheon,37.8810569,127.7297641
Korea,Gunsan,35.9679984,126.7369036
Korea,Suncheon,34.9505457,127.4872992
Korea,Gangneung,37.7525313,128.8759523
Korea,Naju,35.0158859,126.7108313
Latvia,Riga,56.9493977,24.1051846
Latvia,Liepaja,56.5048435,21.0070903
Latvia,Jelgava,56.6514394,23.7339143
Latvia,Daugavpils,55.8712267,26.5159337
Lithuania,Vilnius,54.6870458,25.2829111
Lithuania,Kaunas,54.8982139,23.9044817
Lithuania,Panevėžys,55.7344985,24.3578055
Lithuania,Alytus,54.3961344,24.0459268
Lithuania,Klaipėda,55.7127529,21.1350469
Lithuania,Šiauliai,55.9340823,23.3157775
Luxembourg,Luxembourg,49.8158683,6.1296751
Malta,Malta,35.8885993,14.4476911
Mexico,Mexico City,19.4326296,-99.1331785
Mexico,Guadalajara,20.6720375,-103.338396
Mexico,Monterrey,25.6802019,-100.315258
Mexico,Puebla,18.833333,-98
Mexico,Toluca,19.292545,-99.6569007
Mexico,Tijuana,32.5317397,-117.019529
Mexico,Leon,21.121965,-101.6829766
Mexico,Queretaro,20.8052225,-99.8837376
Mexico,Merida,20.9670759,-89.6237402
Mexico,Juarez,17.7006623,-93.1978917
Mexico,San Luis Potosi,22.5000001,-100.4949145
Mexico,Torreon,25.542698,-103.410512
Mexico,Mexicali,32.6405247,-115.474899
Mexico,Cuernavaca,18.9331321,-99.2599579
Mexico,Villahermosa,17.9884657,-92.9366326
Mexico,Culiacan,24.7978965,-107.393395
Mexico,Morelia,19.6546004,-101.2623797
Mexico,Chihuahua,28.5000001,-106.0000001
Mexico,Veracruz,19.333333,-96.666667
Mexico,Hermosillo,29.0948207,-110.9692202
Mexico,Aguascalientes,21.880487,-102.2967195
Mexico,Acapulco de Juarez,16.8680495,-99.8940182
Mexico,Tampico,22.2701096,-97.8948674
Mexico,Oaxaca de Juarez,17.0965868,-96.7207816
Mexico,Reynosa,26.0907673,-98.2788191
Mexico,Xalapa,19.5408338,-96.9146374
Mexico,Saltillo,25.4230425,-100.9927509
Mexico,Benito Juarez,21.0742627,-86.9265622
Mexico,Celaya,20.5222851,-100.8307739
Mexico,Durango,24.833333,-104.833333
Mexico,Tuxtla Gutierrez,16.753801,-93.115959
Mexico,Pachuca de Soto,20.10451,-98.7889224
Mexico,Irapuato,20.6758761,-101.3521052
Mexico,Ahome,25.9240491,-109.2058344
Mexico,Matamoros,25.8810158,-97.5064866
Mexico,Ensenada,31.8658887,-116.602983
Mexico,Poza Rica de Hidalgo,20.5376574,-97.4451248
Mexico,Tepic,21.5119156,-104.8915889
Mexico,Orizaba,18.8592328,-97.1106537
Mexico,Mazatlan,23.2035785,-106.4208391
Mexico,Cajeme,27.7119807,-109.9022075
Mexico,Nuevo Laredo,27.4930246,-99.507425
Mexico,Guadalupe,25.6751114,-100.2151753
Mexico,Coatzacoalcos,18.1405019,-94.4344003
Mexico,Tapachula,14.9258055,-92.3221957
Mexico,Tlaxcala,19.416667,-98.166667
Mexico,Cordoba,18.8944704,-96.9352891
Mexico,Uruapan,19.4147269,-102.0522647
Mexico,Tehuacan,18.4658011,-97.3978348
Mexico,Minatitlan,17.992773,-94.5567103
Mexico,Cuautla,20.2036094,-104.4858267
Mexico,Chilpancingo de los Bravo,17.3919748,-99.7428629
Mexico,Monclova,26.8792399,-101.1992336
Mexico,Los Cabos,21.166121,-100.936442
Mexico,Colima,19.166667,-104
Mexico,La Paz,24.1619948,-110.3158532
Mexico,Campeche,19,-90.5
Mexico,Puerto Vallarta,20.6407176,-105.220306
Mexico,Salamanca,20.6523245,-101.1668416
Mexico,San Juan del Rio,20.3870462,-100.0119627
Mexico,Zamora,19.9828948,-102.28363
Mexico,Tulancingo de Bravo,20.0839585,-98.3635381
Mexico,Carmen,18.4528233,-91.4128517
Mexico,Nogales,31.3285057,-110.9450472
Mexico,Othon P. Blanco,18.4370456,-88.8257582
Mexico,Fresnillo,23.1811278,-102.8729073
Mexico,San Cristobal de las Casas,16.735377,-92.63873
Mexico,Solidaridad,20.5843747,-87.5034527
Mexico,Apizaco,19.426431,-98.0774334
Mexico,San Luis Rio Colorado,32.4822164,-114.7816893
Mexico,San Francisco del Rincon,21.0166683,-101.854624
Mexico,San Martin Texmelucan,19.2659835,-98.424878
Mexico,Lazaro Cardenas,17.9594769,-102.198659
Mexico,Ciudad Valles,22.0757924,-99.0733758
Mexico,Tianguistenco,19.1622428,-99.4616998
Mexico,Cuauhtemoc,19.4326296,-99.1331785
Mexico,Navojoa,27.0721872,-109.4438227
Mexico,Zitacuaro,19.4344012,-100.355314
Mexico,Lagos de Moreno,21.5330301,-101.8199571
Mexico,Piedras Negras,28.704596,-100.5167137
Mexico,Comitan de Dominguez,16.2441097,-92.1348514
Mexico,Delicias,28.1227078,-105.4684895
Mexico,Tuxpan,20.9298337,-97.3936617
Mexico,Iguala de la Independencia,18.3466358,-99.5376944
Mexico,Acuna,29.3248796,-100.9322287
Mexico,Uriangato,20.117735,-101.1380477
Mexico,Teziutlan,19.8739926,-97.3715629
Mexico,Apatzingan,19.0913792,-102.3537356
Mexico,Zapotlan el Grande,19.6973465,-103.510648
Mexico,Hidalgo del Parral,27.1153848,-105.764288
Mexico,Chiautla,18.2843826,-98.5788792
Netherlands,Amsterdam,52.3730796,4.8924534
Netherlands,Alkmaar,52.6008538,4.8170994
Netherlands,Almelo,52.3567956,6.6672528
Netherlands,Alphen aan den Rijn,52.1131403,4.6408412
Netherlands,Amersfoort,52.1562499,5.3896944
Netherlands,Apeldoorn,52.1795738,5.9300775
Netherlands,Arnhem,51.984257,5.9108573
Netherlands,Assen,52.9952273,6.560498
Netherlands,Bergen op Zoom,51.4944756,4.2871541
Netherlands,Breda,51.5887845,4.7760237
Netherlands,Deventer,52.2694896,6.2364886
Netherlands,Ede,52.0716825,5.7455106
Netherlands,Eindhoven,51.4392648,5.478633
Netherlands,Enschede,52.2209855,6.8940537
Netherlands,Gouda,52.0114922,4.7106094
Netherlands,'s-Gravenhage,52.0799838,4.3113461
Netherlands,Groningen,53.2190652,6.5680077
Netherlands,Heerlen,50.8775239,5.9815066
Netherlands,'s-Hertogenbosch,51.6889387,5.303116
Netherlands,Leeuwarden,53.2005936,5.7918548
Netherlands,Leiden,52.1594747,4.4908843
Netherlands,Lelystad,52.5150949,5.4768915
Netherlands,Maastricht,50.8512438,5.6909768
Netherlands,Middelburg       ,51.4996784,3.6137371
Netherlands,Nijmegen,51.8474946,5.8637771
Netherlands,Oss,51.7783542,5.5320836
Netherlands,Rotterdam,51.9244424,4.47775
Netherlands,Roosendaal,51.5331484,4.4561276
Netherlands,Sittard-Geleen,51.0094043,5.8376058
Netherlands,Soest,52.1644757,5.2957256
Netherlands,Tilburg,51.5856184,5.0660616
Netherlands,Utrecht,52.0907006,5.1215634
Netherlands,Veenendaal,52.0259814,5.5539239
Netherlands,Venlo,51.3924489,6.1511724
Netherlands,Zwolle,52.5089759,6.0943765
New Zealand,Auckland,-36.852095,174.7631803
New Zealand,Christchurch,-43.530955,172.6364343
New Zealand,Wellington,-41.2887953,174.7772114
New Zealand,Tauranga,-37.6859006,176.167505
New Zealand,Dunedin,-45.8740984,170.5035755
New Zealand,Palmerston North,-40.356317,175.6112388
New Zealand,New Plymouth,-39.0579941,174.0806474
New Zealand,Nelson,-41.2710849,173.2836756
New Zealand,Whangarei,-35.7275268,174.3194202
New Zealand,Hastings,-39.6417678,176.8430781
New Zealand,Rotorua,-38.1381493,176.252922
New Zealand,Napier,-39.4902099,176.917839
New Zealand,Invercargill,-46.4118465,168.3470632
New Zealand,Whanganui,-39.9324904,175.0519306
New Zealand,Kapiti Coast,-40.9047357,174.9861365
New Zealand,Timaru,-44.3930254,171.2509786
New Zealand,Gisborne,-38.661326,178.0206487
New Zealand,Masterton,-40.9495524,175.6594413
New Zealand,Blenheim,-41.5118691,173.9545856
New Zealand,Levin,-40.6218161,175.2865854
New Zealand,Taupo,-38.6866197,176.0694773
New Zealand,Ashburton,-43.9024396,171.7503327
New Zealand,Whakatane,-37.9519223,176.9945977
New Zealand,Cambridge,-37.8917889,175.4691069
New Zealand,Te Awamutu,-38.0101564,175.3257827
New Zealand,Feilding,-40.2262765,175.5644409
New Zealand,Queenstown,-45.0321923,168.661
New Zealand,Oamaru,-45.0997681,170.9684232
New Zealand,Tokoroa,-38.2168677,175.8705389
New Zealand,Warkworth,-36.3984914,174.6642316
New Zealand,Greymouth,-42.4499469,171.2079875
New Zealand,Hawera,-39.5893462,174.2837207
New Zealand,Kerikeri,-35.2272607,173.9491061
New Zealand,Kaitaia,-35.1140609,173.264022
New Zealand,Gore,-46.0984482,168.9447811
New Zealand,Wanaka,-44.6941691,169.1364637
New Zealand,Morrinsville,-37.6581506,175.5281399
New Zealand,Motueka,-41.112493,173.0094875
New Zealand,Te Puke,-37.7853294,176.3270238
New Zealand,Thames,-37.137983,175.5418037
New Zealand,Alexandra,-45.2535683,169.3870836
New Zealand,Stratford,-39.3396858,174.2840888
New Zealand,Kawerau,-38.0857434,176.7033298
New Zealand,Otaki,-40.7585374,175.1470152
New Zealand,Dannevirke,-40.2073897,176.0982442
New Zealand,Matamata,-37.8095635,175.7732759
New Zealand,Huntly,-37.5583996,175.1588322
New Zealand,Marton,-40.0722219,175.3791977
New Zealand,Cromwell,-45.0371308,169.1972881
New Zealand,Waihi,-37.391462,175.8403538
New Zealand,Katikati,-37.5522269,175.91541
New Zealand,Whitianga,-36.8331861,175.7024856
Norway,Oslo,59.9133301,10.7389701
Norway,Bergen,60.3943055,5.3259192
Norway,Trondheim,63.4304475,10.3952118
Norway,Stavanger,58.9699675,5.7318101
Poland,Warszawa,52.2319581,21.0067249
Poland,Łódź,51.7687323,19.4569911
Poland,Kraków,50.0619474,19.9368564
Poland,Wrocław,51.1089776,17.0326689
Poland,Poznań,52.4082663,16.9335199
Poland,Gdańsk,54.3706858,18.6129821
Poland,Szczecin,53.4301818,14.5509623
Poland,Bydgoszcz,53.1219648,18.0002529
Poland,Lublin,51.250559,22.5701022
Poland,Katowice,50.2598987,19.0215852
Poland,Białystok,53.132398,23.1591679
Poland,Kielce,50.8719903,20.6310488
Poland,Toruń,53.0102721,18.6048094
Poland,Olsztyn,53.7766839,20.476507
Poland,Rzeszów,50.0374531,22.0047174
Poland,Opole,50.6668184,17.9236408
Poland,Gorzów Wielkopolski,52.7309926,15.2400451
Poland,Zielona Góra,51.9383777,15.5050408
Poland,Jelenia Góra,50.9031028,15.7344306
Poland,Nowy Sącz,49.6249173,20.691346
Poland,Suwałki,54.0990636,22.9279363
Poland,Konin,52.2301933,18.2521112
Poland,Częstochowa,50.8120466,19.113213
Poland,Radom,51.4022557,21.1541546
Poland,Płock,52.5464521,19.7008606
Poland,Kalisz,51.7624752,18.0895358
Poland,Koszalin,54.19092,16.17707
Poland,Słupsk,54.4649331,17.028073
Poland,Jastrzębie-Zdrój,49.9519085,18.6023614
Poland,Siedlce,51.3997099,16.3046036
Poland,Piotrków Trybunalski,51.4082625,19.696167
Poland,Lubin,51.3974465,16.2051275
Poland,Piła,53.1511324,16.7380343
Poland,Inowrocław,52.7952408,18.2595624
Poland,Ostrowiec Świętokrzyski,50.9398768,21.38743
Poland,Gniezno,52.5359736,17.595889
Poland,Stargard,53.3379935,15.0350493
Poland,Ostrów Wielkopolski,51.6495023,17.8167085
Poland,Przemyśl,49.7845132,22.7698454
Poland,Zamość,50.7170854,23.2525711
Poland,Chełm,51.1339221,23.4711548
Poland,Pabianice,51.6639859,19.3535024
Poland,Głogów,51.6636791,16.0935567
Poland,Stalowa Wola,50.5653105,22.0644075
Poland,Tomaszów Mazowiecki,51.5316918,20.0084195
Poland,Łomża,53.1750699,22.0727551
Poland,Leszno,51.8436498,16.5744141
Poland,Świdnica,50.8424835,16.4870549
Poland,Tczew,54.0869532,18.8000293
Poland,Ełk,53.8248304,22.3615813
Poland,Bielsko-Biała,49.822118,19.0448936
Poland,Rybnik,50.0955793,18.5419933
Poland,Wałbrzych,50.7659054,16.2825424
Poland,Elbląg,54.1558708,19.4044583
Poland,Włocławek,52.6603872,19.071948
Poland,Tarnów,50.0123784,20.9880739
Poland,Legnica,51.2081617,16.1603187
Poland,Grudziądz,53.4876477,18.7557746
Portugal,Lisboa,38.7077507,-9.1365919
Portugal,Porto,41.1494512,-8.6107884
Portugal,Braga,41.5510583,-8.4280045
Portugal,Funchal,32.6496497,-16.9086783
Portugal,Coimbra,40.2111931,-8.4294632
Portugal,Ponta Delgada,37.7393398,-25.6689503
Portugal,Aveiro,40.640496,-8.6537841
Portugal,Faro,37.0162727,-7.9351771
Portugal,Viseu,40.6574713,-7.9138664
Portugal,Viana do Castelo,41.8803257,-8.5228271
Portugal,Póvoa de Varzim,41.3794188,-8.7598689
Portugal,Guimarães,41.4417677,-8.2955712
Romania,Bucureşti,44.4361414,26.1027202
Romania,Cluj-Napoca,46.769379,23.5899542
Romania,Timişoara,45.7538355,21.2257474
Romania,Craiova,44.3190159,23.7965614
Romania,Brăila,45.2716092,27.9742932
Romania,Oradea,47.0549163,21.9285231
Romania,Bacău,46.4228703,26.7163991
Romania,Arad,46.1753793,21.3196342
Romania,Sibiu,45.7973912,24.1519202
Romania,Târgu Mureş,46.5446253,24.561196
Romania,Piatra Neamţ,46.9324673,26.3630195
Romania,Cǎlǎraşi,44.1961646,27.3313233
Romania,Giurgiu,43.9043486,25.9591853
Romania,Alba Iulia,46.0687385,23.5704398
Romania,Focşani,45.697274,27.1856921
Romania,Târgu Jiu,45.0422947,23.2728118
Romania,Tulcea,45.177518,28.8016348
Romania,Târgovişte,44.9267709,25.462816
Romania,Slatina,44.4299971,24.3631837
Romania,Bârlad,46.227535,27.66897
Romania,Roman,46.92528,26.9284165
Romania,Bistriţa,47.1327012,24.4963949
Romania,Constanţa,44.1767161,28.6507598
Romania,Iaşi,47.1615598,27.5837814
Romania,Galaţi,45.4338215,28.0549395
Romania,Braşov,45.6525105,25.6105654
Romania,Ploieşti,44.9417468,26.0236504
Romania,Piteşti,44.8572343,24.8719422
Romania,Baia Mare,47.6565584,23.5719843
Romania,Buzău,45.2692581,26.7748173
Romania,Satu Mare,47.7891763,22.8725598
Romania,Botoşani,47.8528263,26.759334
Romania,Râmnicu Vâlcea,45.1031731,24.3647209
Romania,Suceava,47.5326534,25.8345939
Romania,Drobeta-Turnu Severin,44.6257835,22.6531975
Slovak Republic,Bratislava,48.1516988,17.1093063
Slovak Republic,Košice,48.7172272,21.2496774
Slovak Republic,Banská Bystrica,48.7383895,19.1585805
Slovak Republic,Nitra,48.31295,18.0894593
Slovak Republic,Prešov,49.0000074,21.2392122
Slovak Republic,Žilina,49.2234674,18.7393139
Slovak Republic,Trnava,48.374218,17.5809299
Slovak Republic,Trenčín,48.8922719,18.0387465
Slovenia,Osrednjeslovenska,46.08333,15
Slovenia,Podravska,46.08333,15
Spain,Madrid,40.4167047,-3.7035825
Spain,Barcelona,41.3828939,2.1774322
Spain,Valencia,39.4697065,-0.3763353
Spain,Sevilla,37.3886303,-5.9953403
Spain,Zaragoza,41.6521342,-0.8809428
Spain,Málaga,36.7213028,-4.4216366
Spain,Murcia,37.9923795,-1.1305431
Spain,"Palmas de Gran Canaria, Las",28.1288694,-15.4349015
Spain,Valladolid,41.6521807,-4.728605
Spain,Palma de Mallorca,39.5695818,2.6500745
Spain,Santiago de Compostela,42.8827376,-8.5381682
Spain,Vitoria/Gasteiz,42.8465088,-2.6724025
Spain,Oviedo,43.3618625,-5.8483581
Spain,Pamplona/Iruña,42.8181992,-1.6440089
Spain,Santander,43.4618932,-3.8100255
Spain,Toledo,39.8560679,-4.0239568
Spain,Badajoz,38.878187,-6.9701115
Spain,Logroño,42.4661196,-2.4396676
Spain,Bilbao,43.2630018,-2.9350039
Spain,Córdoba,37.8845813,-4.7760138
Spain,Alicante/Alacant,38.3436365,-0.4881708
Spain,Vigo,42.2376602,-8.7247205
Spain,Gijón,43.5449422,-5.66275
Spain,Santa Cruz de Tenerife,28.467178,-16.2507843
Spain,A Coruña,43.3709703,-8.3959425
Spain,Reus,41.1555564,1.1076133
Spain,Lugo,43.0396042,-7.4566072
Spain,Girona,41.9793006,2.8199439
Spain,Cáceres,39.4745175,-6.3716761
Spain,Torrevieja,37.9775416,-0.6828446
Spain,"Puerto de Santa María, El",38.6890656,0.1443295
Spain,Avilés,43.5554436,-5.9222466
Spain,Talavera de la Reina,39.9603798,-4.8311717
Spain,Palencia,42.4096322,-4.6161004
Spain,Ferrol,43.4846862,-8.233162
Spain,Pontevedra,42.4318876,-8.6431592
Spain,Ceuta,35.888361,-5.304138
Spain,Gandia,38.9675925,-0.1803423
Spain,Manresa,41.7288939,1.8286765
Spain,Ciudad Real,38.9597347,-3.8828744
Spain,Benidorm,38.5406255,-0.1290929
Spain,Melilla,35.2918698,-2.9409026
Spain,Ponferrada,42.5454124,-6.5938719
Spain,Sanlúcar de Barrameda,36.7761393,-6.3534794
Spain,"Línea de la Concepción, La",36.1582961,-5.3404742
Spain,Irun,43.3383176,-1.7888095
Spain,Arrecife,28.9639681,-13.5499014
Spain,Elda,38.4789671,-0.7956759
Spain,Santa Lucía de Tirajana,27.9115471,-15.5405202
Spain,Granada,37.1734995,-3.5995337
Spain,Elche/Elx,38.2653307,-0.6988391
Spain,Jerez de la Frontera,36.6816936,-6.1377402
Spain,San Sebastián/Donostia,43.3176702,-1.9763368
Spain,Almería,36.8414197,-2.4628135
Spain,Burgos,42.343926,-3.696977
Spain,Albacete,38.9950921,-1.8559154
Spain,Castellón de la Plana/Castelló de la Plana,39.9860347,-0.0377354
Spain,Huelva,37.2575874,-6.9484945
Spain,Cádiz,36.5297438,-6.2928976
Spain,León,42.6341451,-5.9714151
Spain,Tarragona,41.1172364,1.2546057
Spain,Jaén,37.9557275,-3.4920556
Spain,Lleida,41.6147605,0.6267842
Spain,Ourense,42.1939629,-7.537124
Spain,Algeciras,36.1311725,-5.4473991
Spain,Marbella,36.508976,-4.88562
Spain,Alcoy,38.6982275,-0.4747767
Spain,Ávila,40.656478,-4.7002172
Spain,Chiclana de la Frontera,36.4191096,-6.1460683
Spain,Cuenca,40.0661031,-2.1313528
Spain,Eivissa,38.9743901,1.4197463
Spain,Lorca,37.6711989,-1.6988592
Spain,Mérida,38.9174665,-6.3443977
Spain,Sagunto,39.6792916,-0.2786451
Spain,Puerto de la Cruz,28.4159024,-16.5532956
Spain,Igualada,41.5790182,1.617346
Sweden,Stockholm,59.3251172,18.0710935
Sweden,Göteborg,57.7072326,11.9670171
Sweden,Malmö,55.6052931,13.0001566
Sweden,Jönköping,57.7825634,14.165719
Sweden,Umeå,63.8256568,20.2630745
Sweden,Uppsala,59.8586126,17.6387436
Sweden,Linköping,58.4098135,15.6245252
Sweden,Örebro,59.2747287,15.2151181
Sweden,Västerås,59.6110992,16.5463679
Sweden,Norrköping,58.5909124,16.1903511
Sweden,Helsingborg,56.0442098,12.703706
Sweden,Borås,57.7210839,12.9407407
Switzerland,Bern,46.9484742,7.4521749
Switzerland,Zürich,47.3744489,8.5410422
Switzerland,Genève,46.2017559,6.1466014
Switzerland,Basel,47.5581077,7.5878261
Switzerland,Lausanne,46.5218269,6.6327025
Switzerland,Luzern,47.0505452,8.3054682
Switzerland,Lugano,46.0050102,8.9520281
Switzerland,St. Gallen,47.425618,9.3762397
Switzerland,Biel/Bienne,47.1402077,7.2439029
Switzerland,Zug,47.1486137,8.5539378
United Kingdom,West Midlands urban area,54.75844,-2.69531
United Kingdom,Leeds,53.7974185,-1.5437941
United Kingdom,Glasgow,55.861155,-4.2501687
United Kingdom,Liverpool,53.4071991,-2.99168
United Kingdom,Edinburgh,55.9533456,-3.1883749
United Kingdom,Manchester,53.4794892,-2.2451148
United Kingdom,Cardiff,51.4816546,-3.1791934
United Kingdom,Sheffield,53.3806626,-1.4702278
United Kingdom,Bristol,51.4538022,-2.5972985
United Kingdom,Belfast,54.596391,-5.9301829
United Kingdom,Newcastle upon Tyne,54.9738474,-1.6131572
United Kingdom,Leicester,52.6362,-1.1331969
United Kingdom,Aberdeen,57.1482429,-2.0928095
United Kingdom,Exeter,50.7256138,-3.5269209
United Kingdom,Lincoln,53.2293545,-0.5404819
United Kingdom,Stevenage,51.9016663,-0.2027155
United Kingdom,Wrexham,53.0465084,-2.9937869
United Kingdom,Portsmouth,50.800031,-1.0906023
United Kingdom,Worcester,52.1911849,-2.2206585
United Kingdom,Coventry,52.4081812,-1.510477
United Kingdom,Kingston upon Hull,53.7623862,-0.3301214
United Kingdom,Stoke-on-Trent,53.0162014,-2.1812607
United Kingdom,Nottingham,52.9534193,-1.1496461
United Kingdom,Bath and North East Somerset,51.3563238,-2.4866614
United Kingdom,Guildford,51.2356068,-0.5732063
United Kingdom,Thanet,51.3533046,1.3319866
United Kingdom,Ashford,51.148555,0.8722566
United Kingdom,East Staffordshire,52.8878642,-1.9030802
United Kingdom,Darlington,54.5242081,-1.5555812
United Kingdom,Worthing,50.8115402,-0.3699697
United Kingdom,Mansfield,53.1443785,-1.1964165
United Kingdom,Chesterfield,53.2352134,-1.4264097
United Kingdom,Burnley,53.7907262,-2.2439196
United Kingdom,Great Yarmouth,52.6071742,1.7314845
United Kingdom,Eastbourne,50.7664372,0.2781546
United Kingdom,Redditch,52.3057655,-1.9417444
United Kingdom,Halton,53.3538525,-2.7427829
United Kingdom,Doncaster,53.5227681,-1.1335312
United Kingdom,Sunderland,54.9058512,-1.3828727
United Kingdom,Medway,51.4157386,0.5687309
United Kingdom,Brighton and Hove,50.8453169,-0.1497469
United Kingdom,Plymouth,50.3714122,-4.1424451
United Kingdom,Swansea,51.6195955,-3.9459248
United Kingdom,Derby,52.9212617,-1.4761491
United Kingdom,Southampton,50.9025349,-1.404189
United Kingdom,Milton Keynes,52.0406502,-0.7594092
United Kingdom,Northampton,52.2378853,-0.8963639
United Kingdom,Warrington,53.3899497,-2.5943178
United Kingdom,Luton,51.8784385,-0.4152837
United Kingdom,York,53.9656578,-1.0743052
United Kingdom,Swindon,51.5615327,-1.7854322
United Kingdom,Bournemouth,50.7201514,-1.8799118
United Kingdom,Telford and Wrekin,52.7214452,-2.5008624
United Kingdom,North East Lincolnshire,53.5368033,-0.093681
United Kingdom,Colchester,51.8896903,0.8994651
United Kingdom,Basingstoke and Deane,51.2587797,-1.2211073
United Kingdom,Bedford,52.1363806,-0.4675041
United Kingdom,Dundee City,56.473846,-2.966419
United Kingdom,Falkirk,55.9991959,-3.784376
United Kingdom,Reading,51.4564242,-0.9700664
United Kingdom,Blackpool,53.8179442,-3.0509812
United Kingdom,Maidstone,51.2748258,0.5231646
United Kingdom,Dacorum,51.7689541,-0.551551
United Kingdom,Blackburn with Darwen,53.6991769,-2.4709001
United Kingdom,Newport,51.5882332,-2.9974967
United Kingdom,Middlesbrough,54.5760419,-1.2344047
United Kingdom,Oxford,51.7520131,-1.2578499
United Kingdom,Torbay,50.446247,-3.5394998
United Kingdom,Preston,53.7593363,-2.6992717
United Kingdom,Norwich,52.6285576,1.2923954
United Kingdom,Slough,51.5111014,-0.5940682
United Kingdom,Cheshire West and Chester,53.1637979,-2.7285361
United Kingdom,Ipswich,52.0579324,1.1528095
United Kingdom,Cheltenham,51.8995685,-2.0711559
United Kingdom,Gloucester,51.8653705,-2.2458192
United Kingdom,Bracknell Forest,51.4002688,-0.7417888
United Kingdom,Carlisle,54.8948478,-2.9362311
United Kingdom,Crawley,51.1103444,-0.1801094
United Kingdom,Rushmoor,51.2752389,-0.7693917
United Kingdom,Corby,52.4877341,-0.7032713
United Kingdom,Kettering,52.3994233,-0.728004
United Kingdom,Derry & Strabane Local Government District,54.75844,-2.69531
United States,New York (Greater),40.9501371,-73.7429991
United States,Los Angeles (Greater),33.7380287,-118.2882167
United States,Chicago,41.8755616,-87.6244212
United States,Washington (Greater),32.3334726,-86.3521922
United States,San Francisco (Greater),33.705415,-108.761138
United States,Philadelphia (Greater),40.1238807,-75.4582128
United States,Dallas,32.7762719,-96.7968559
United States,Houston,29.7589382,-95.3676974
United States,Miami (Greater),25.7954506,-80.1362243
United States,Escambia,30.6625885,-87.3451089
United States,Caddo,35.131317,-98.3797949
United States,Tulare,36.2516475,-118.852583
United States,Newport News,36.9775016,-76.42977
United States,Genesee,43.0220032,-83.7274305
United States,Jefferson (TX),29.834772,-94.1704496
United States,Santa Barbara,34.4221319,-119.702667
United States,Lafayette,30.2262187,-92.0178202
United States,Monterey,36.2231079,-121.387742
United States,Atlanta,33.7489924,-84.3902644
United States,Mobile,30.6913462,-88.0437509
United States,Berks,40.4113762,-75.9433305
United States,Cameron,26.1291189,-97.4134281
United States,Bell,31.0081659,-97.4314413
United States,Nueces,27.7153774,-97.6199942
United States,Marion (OR),44.8964425,-122.7203248
United States,Allen,40.8077797,-84.0572225
United States,Scott,39.6333408,-90.4753685
United States,Stark,41.0712135,-89.8066831
United States,Tallahassee,30.4380832,-84.2809332
United States,Boston,42.3554334,-71.060511
United States,Cumberland (NC),35.0461723,-78.8394255
United States,Lane,38.4651663,-100.4776682
United States,Winnebago (IL),42.3255276,-89.1496574
United States,Chatham,35.7151316,-79.2533035
United States,Vanderburgh,38.0461185,-87.5806553
United States,Washtenaw,42.2582044,-83.8440853
United States,Lubbock,33.5855677,-101.8470215
United States,Madison,43.074761,-89.3837613
United States,Marion (FL),29.2182454,-82.0626948
United States,Peoria,40.6938609,-89.5891008
United States,Phoenix,33.4484367,-112.074141
United States,Collier,26.087964,-81.3794941
United States,Luzerne,41.1749635,-75.9695233
United States,Lancaster (NE),40.9515685,-96.6909842
United States,Thurston,46.9319983,-122.8855155
United States,Sebastian,35.1770785,-94.2654285
United States,Roanoke,37.270973,-79.9414313
United States,Muscogee,32.4840651,-84.8502167
United States,Brown,31.7525184,-98.9904722
United States,Alachua,29.675568,-82.3640109
United States,Larimer,40.6810174,-105.4726907
United States,Detroit (Greater),42.3524412,-83.2781583
United States,Boulder,40.0149856,-105.270545
United States,Potter,35.3683354,-101.8776577
United States,Cumberland (ME),43.8506432,-70.4001498
United States,Erie (PA),42.1294712,-80.0852695
United States,St. Lucie,27.3900897,-80.457904
United States,Nashville,36.1622767,-86.7742984
United States,Atlantic City,39.3642852,-74.4229351
United States,McLennan,31.5487691,-97.2189254
United States,Durham,35.996653,-78.9018053
United States,Lackawanna,41.4406084,-75.6260271
United States,Seattle,47.6038321,-122.330062
United States,St. Joseph,45.5645229,-94.3180516
United States,Santa Cruz,37.050096,-121.99059
United States,Webb,27.6983621,-99.2523577
United States,Minnehaha,43.6680284,-96.7837626
United States,Merced,37.1641544,-120.7678602
United States,Benton (WA),46.1691702,-119.5286424
United States,Weld,40.5632344,-104.4835287
United States,Kalamazoo,42.291707,-85.5872286
United States,Butte,39.6519275,-121.5858444
United States,Sangamon,39.7623668,-89.6454905
United States,Minneapolis,44.9772995,-93.2654692
United States,Yakima,46.601557,-120.510842
United States,Brazos,30.6993189,-96.3497772
United States,Tuscaloosa,33.2095614,-87.5675258
United States,Champaign,40.1164841,-88.2430932
United States,Linn,42.0631825,-91.6037932
United States,Lafayette (IN),40.4191229,-86.8919011
United States,Shawnee,39.0273676,-95.7627535
United States,Weber,41.2728039,-111.8860648
United States,Outagamie,44.41603,-88.4602005
United States,Cass,33.0560857,-94.3510366
United States,San Diego,32.7174202,-117.162772
United States,Benton (AR),36.3456186,-94.2670404
United States,Las Cruces,32.3140354,-106.779807
United States,Rochester (MN),44.0234387,-92.4630182
United States,Jackson (OR),42.398015,-122.7540948
United States,New Hanover,34.2751052,-77.8818627
United States,Whatcom,48.8107819,-121.8828175
United States,Broome,42.1455623,-75.8404114
United States,Saginaw,43.4200387,-83.9490365
United States,Yuma,32.723268,-114.6179954
United States,Racine,42.7260523,-87.7825242
United States,St. Louis,38.6280278,-90.1910154
United States,Punta Gorda,26.9351529,-82.0512058
United States,Benton (MN),45.7162129,-94.0481042
United States,Harrison,32.5233959,-94.3982158
United States,McLean,40.4631789,-88.8196613
United States,Woodbury,42.3775361,-96.0607187
United States,Tampa-Hernando,28.4694046,-82.4572898
United States,Muskegon,43.2341813,-86.2483921
United States,Johnson,32.3766071,-97.3568623
United States,Taylor,32.2793121,-99.8812612
United States,Pitt,40.444153,-79.962461
United States,Denver,39.7392364,-104.984862
United States,Winnebago (WI),44.0697014,-88.6516527
United States,Sutter,38.9509675,-121.697088
United States,Rock,43.6733632,-96.2574328
United States,Pueblo,38.263995,-104.6141867
United States,Centre,40.9381735,-77.7865722
United States,Yellowstone,45.9645464,-108.276076
United States,Wichita,37.6922361,-97.3375448
United States,Washington (MD),39.5893502,-77.710254
United States,Mesa,33.4151005,-111.831455
United States,Midland,31.83688,-102.0103767
United States,Ector,31.8941755,-102.5794339
United States,Comanche,31.9130171,-98.527388
United States,Indian River,27.7041555,-80.5894422
United States,Monroe (IN),40.709518,-84.919164
United States,Napa,38.4898675,-122.3218414
United States,Delaware,38.6920451,-75.4013315
United States,Kankakee,41.1253903,-87.848682
United States,Terrebonne,29.4616211,-90.8705871
United States,Douglas (KS),38.8838392,-95.2874559
United States,Flagler-Daytona Beach,29.1852481,-81.0803819
United States,Portland,45.5202471,-122.674194
United States,Sumter,28.6689748,-82.076402
United States,Maverick,28.792861,-100.3110817
United States,Cincinnati,39.1014537,-84.5124602
United States,Las Vegas,36.1672559,-115.148516
United States,Orange,33.750631,-117.8722311
United States,Jackson (MO),39.0355211,-94.3583509
United States,Indianapolis,39.7683331,-86.1583502
United States,Cuyahoga,41.4301347,-81.6905558
United States,New Haven,41.3082138,-72.9250518
United States,Charlotte,35.2272086,-80.8430827
United States,Sacramento,38.5810606,-121.493895
United States,Austin,30.2711286,-97.7436995
United States,Columbus,39.9622601,-83.0007065
United States,Milwaukee,43.0386475,-87.9090751
United States,Jacksonville,30.3321838,-81.655651
United States,Salt Lake,40.6632297,-111.9103124
United States,Tampa-Pinellas,27.8398877,-82.6851091
United States,Jefferson (KY),38.1787175,-85.664528
United States,Memphis,35.1460249,-90.0517638
United States,Davidson,35.7902384,-80.2115053
United States,Oklahoma,34.9550817,-97.2684063
United States,Hartford,41.764582,-72.6908547
United States,Pittsburgh,40.4416941,-79.9900861
United States,New Orleans,29.9759983,-90.0782127
United States,Virginia Beach,36.8496579,-75.9760751
United States,Erie (NY),42.7164263,-78.7620327
United States,Fresno (Greater),36.722263,-119.811438
United States,Richmond (Greater),37.4416908,-77.6852262
United States,Wake,19.2960859,166.6269779
United States,Jefferson (AL),33.5228184,-86.9164513
United States,Tampa-Hillsborough,27.9477595,-82.458444
United States,Pima,32.1112624,-111.6546163
United States,Tulsa,36.1563122,-95.9927516
United States,Albany,42.6511674,-73.754968
United States,Providence,41.8239891,-71.4128343
United States,Albuquerque,35.0841034,-106.650985
United States,Douglas (NE),41.2954112,-96.1415672
United States,Rochester (NY),43.157285,-77.615214
United States,Kern,35.3145701,-118.753822
United States,Ventura,34.4458248,-119.0779359
United States,El Paso (TX),31.7601164,-106.4870404
United States,East Baton Rouge,30.5254797,-91.0899217
United States,Hidalgo,26.3530256,-98.216445
United States,Richland,38.7060457,-88.0949352
United States,Lehigh,40.6096215,-75.6048728
United States,Sarasota,27.3365805,-82.5308545
United States,Montgomery (OH),39.6837328,-84.2854817
United States,San Joaquin,37.9372901,-121.2773719
United States,Kent,33.1665316,-100.7846477
United States,Charleston,32.7884363,-79.9399309
United States,Onondaga,43.015598,-76.2257127
United States,El Paso (CO),38.8287435,-104.5253456
United States,Ada,38.8398935,-83.5051704
United States,Hampden,42.1285315,-72.6063441
United States,Lee,30.3031353,-96.9588587
United States,Sedgwick,37.6448148,-97.4641388
United States,Polk,30.7642828,-94.8192175
United States,Dauphin,40.398036,-76.8115168
United States,Lucas,41.6508446,-83.621321
United States,Pulaski,37.2314232,-89.1183427
United States,Dane,43.0709273,-89.4322174
United States,Brevard,28.2100203,-80.7997185
United States,Summit,41.1457902,-81.5333603
United States,Hamilton (TN),35.1755638,-85.1940792
United States,Utah,39.4225192,-111.714358
United States,Lancaster (PA),40.03813,-76.3056686
United States,Stanislaus,37.5500871,-121.0501425
United States,Greene,39.8513322,-80.2466384
United States,Fayette,29.8381635,-96.9559692
United States,Spokane,47.6571934,-117.42351
United States,Volusia-Daytona Beach,29.2022214,-81.0732854
United States,Guilford,36.0875688,-79.7888515
United States,Sonoma,38.5110803,-122.8473388
United States,Forsyth,36.1476399,-80.2415712
United States,Washoe,40.5849048,-119.6131606
United States,Ingham,42.5860505,-84.3800841
United States,Montgomery (AL),32.3669656,-86.3006485
United States,Knox,33.5871385,-99.7073621
United States,Greenville,34.851354,-82.3984882
United States,Mahoning,40.9830133,-80.7826416
